University Name,Tier,State,Application Deadline,Application Fee (INR),Proprietary Test,CUET Acceptance Policy,Accreditation / Ranking,Average Annual Fees (INR),Source
Ashoka University,1,Haryana,Multiple Rounds (Round 3: 22 April 2026; Final: 31 May 2026),₹0,AAA / AAT,Optional,"NAAC A+, NIRF 101-150","₹8,00,000 – ₹10,00,000",1-4
BITS Pilani,1,Rajasthan,Session 1: 16-19 March 2026; Session 2: 2 May 2026,"₹3,100 – ₹3,600 (single session)",BITSAT,No,"NAAC A, NIRF 16 (Overall) / 20 (Engineering)","₹4,50,000 – ₹6,00,000",1-4
Manipal Academy of Higher Education,1,Karnataka,Multiple Rounds (MET Phase 1: 15-31 March 2026; Phase 2: 30 April 2026),"₹2,000",MET,Optional,"NAAC A++, NIRF 14 (Overall) / 4 (University)","₹1,70,000 – ₹6,00,000",1-4
O.P. Jindal Global University,1,Haryana,Rolling / Multiple Rounds (approx. May 2026),"₹1,000 – ₹2,500",JSAT,Optional,"NAAC A++, QS World Rankings (Top Law School)","₹4,00,000 – ₹8,00,000",1-4
Symbiosis International University,1,Maharashtra,SET deadline: 15 April 2026; Institute deadline: 10 June 2026,"₹2,250 + ₹1,000 per program",SET / SITEEE / SLAT,Optional,"NAAC A++, NIRF 32 (University)","₹2,50,000 – ₹6,00,000",1-4
Vellore Institute of Technology (VIT),1,Tamil Nadu,12 April 2026 (Exam: 28 April – 3 May 2026),"₹1,350",VITEEE,No,"NAAC A++, NIRF 11 (University)","₹1,70,000 – ₹4,93,000",1-4
Anurag University,2,Telangana,15 April 2026,"₹1,000 – ₹1,200",AnuragCET,No,"NAAC A+, UGC-recognised","₹85,000 – ₹3,00,000",1-4
Birla Global University,2,Odisha,Rolling (typical cycle till June 2026),"₹1,000",BET,Optional,"NAAC B, AACSB (Management)","₹1,00,000 – ₹4,00,000",1-4
Chitkara University,2,Punjab,Main Session: 27 March 2026; Rolling till 18 May 2026,"₹1,100 – ₹2,100",None (Uses JEE/CAT or University Test),Optional,"NAAC A+, NIRF 74 (University) / 28","₹1,20,000 – ₹2,50,000",1-4
DIT University,2,Uttarakhand,Rolling (Applications till 15 May 2026),Not in source,None (uses JEE/UKSEE/DUET),Yes,"NAAC A+, NIRF 83 (Pharmacy) / QS I-Gauge Diamond","₹1,06,600 – ₹1,000,700",1-4
"ICFAI University, Dehradun",2,Uttarakhand,15 July 2026,₹500,ATIT / ILSAT,Yes,"NAAC Accredited, IIRF Rank #1 (Private UK)","₹1,10,000 – ₹2,20,000",1-4
"ITM University, Raipur",2,Chhattisgarh,Rolling (August 2026 closure),"₹1,000",ITM Test,Yes,"NAAC B+, ARIIA Rank #13 (Promising)","₹42,000 – ₹1,50,000",1-4
Jaipur National University,2,Rajasthan,Rolling (Registration typically till June 2026),"₹1,000 – ₹1,050",JEST,Optional,"NAAC A+, QS Asia #454","₹80,000 – ₹2,00,000",1-4
Kalinga University,2,Chhattisgarh,Multiple Rounds (Phase 2 closure ~30 June 2026),"₹1,000",KALSEE,Optional,"NAAC B+, NIRF 101-150","₹40,000 – ₹1,55,000",1-4
Marwadi University,2,Gujarat,Rolling / ACPC Counseling May–August 2026,"₹500 – ₹1,500",None (uses GUJCET/JEE),Yes,"NAAC A++, NIRF 101-150","₹50,000 – ₹1,51,000",1-4
MATS University,2,Chhattisgarh,Rolling (Academic session starts August 2026),₹600,None,Optional,NAAC A+ (2025),"₹33,000 – ₹2,00,000",1-4
Medi-Caps University,2,Madhya Pradesh,Rolling (final phase typically mid-August 2026),"₹1,580 – ₹1,600",MU-SAT,No,"NAAC A, NIRF 59 (Overall 2024)","₹65,000 – ₹3,15,000",1-4
Parul University,2,Gujarat,Rolling (Self-finance till 30 April 2026; ACPC till July),"₹300 – ₹1,400",None (uses GUJCET/JEE),Yes,"NAAC A++, NIRF 41 (Pharmacy) / 47 (Innovation)","₹1,50,000 – ₹2,65,000",1-4
SAGE University,2,Madhya Pradesh,Multiple Rounds (Phase 1: 25 February 2026; Phase 5: May 2026),"₹1,600",SEE,Yes,"NAAC A+, QS I-Gauge Diamond","₹60,000 – ₹2,50,000",1-4
Sri Sri University,2,Odisha,Rolling (Final deadline ~30 August 2026),"₹500 – ₹1,500",SSU CET,Optional,"NAAC A, IIRF Rank 35","₹30,000 – ₹2,50,000",1-4
Swarrnim Startup & Innovation Univ.,2,Gujarat,Rolling (ACPC timelines June-August 2026),₹300,None (uses GUJCET/JEE),Yes,UGC recognised,"₹70,000 – ₹5,00,000",1-4
The Neotia University,2,West Bengal,Rolling (Forms typically till July 2026),"₹500 – ₹10,000 (Prov.)",TNU NEO / NET,Optional,"UGC recognized, ISO 9001:2015","₹80,000 – ₹2,50,000",1-4
UPES,2,Uttarakhand,Rolling (30 April 2026; UPESDAT 30 May 2026),"₹1,350 – ₹1,750",UPESEAT / DAT / ULSAT,Optional,"NAAC A, NIRF 43 (Engineering) / 45","₹1,15,000 – ₹8,00,000",1-4
Woxsen University,2,Telangana,Multiple Rounds (Scholars Round Feb 2026; Rolling till May-June),"₹1,800 – ₹2,000",W-JEET / WAT / WLAT,Optional,"NAAC A, AACSB, QS Top 150 Young Universities","₹1,90,000 – ₹6,37,000",1-4
Gokul Global University,3,Gujarat,15 February 2026,"₹100 – ₹1,000",None (Merit-based),No,NAAC A,"₹10,000 – ₹1,25,000",1-4
Guru Nanak University,3,Telangana,Rolling (April–June 2026),Not in source,GNUCET,Optional,"NAAC A+, UGC approved 2024","₹60,000 – ₹2,60,000",1-4
KK Modi University,3,Chhattisgarh,Rolling (Last date ~30 May 2026),₹450,KKMU Test,Optional,"UGC recognised, international collaborations","₹1,00,000 – ₹2,50,000",1-4
Madhyanchal Professional Univ.,3,Madhya Pradesh,Rolling (Continuous),"₹1,530",MPUCET,No,"UGC, AICTE, AIU (Not NAAC)","₹18,000 – ₹2,82,200",1-4
Mind Power University,3,Uttarakhand,Rolling / Admissions Open 2026-27,Not in source,MPUCET,Yes,"UGC, AIU","₹50,000 – ₹1,50,000",1-4
YBN University,3,Jharkhand,Rolling (Registration till 15 August 2026),"₹1,000",None (Merit-based),Yes,"NAAC B+, UGC-recognised","₹30,000 – ₹90,000",1-4