university_name,tier,full_address,city,state,pin_code,url,admission_portal_url,application_deadline_2026,college_test,test_name,cuet_accepted,application_fee_inr,avg_annual_tuition_inr,primary_domains,accreditation,contact_info,notes
"Manipal Academy of Higher Education (MAHE)",Tier 1,"MAHE, Manipal 576104, Udupi District",Manipal,Karnataka,576104,https://www.manipal.edu,https://apply.manipal.edu,"Phase 1: 31 Mar 2026; Phase 2: 30 Apr 2026 (Multiple Rounds)",Yes,MET (Manipal Entrance Test),Optional,2000,"₹1,70,000 – ₹6,00,000 (varies by programme; BTech ~₹6L/yr)","Engineering, Health Sciences, Pharmacy, Management, Architecture, Design","NAAC A++; IoE (Institution of Eminence); NIRF ~25 (Engineering)","admissions@manipal.edu; 0820-2922102","Largest private health sciences university in India; 30,000+ students; 4 campuses (Manipal, Jaipur, Dubai, Sikkim)"
"Symbiosis International University (SIU)",Tier 1,"Gram Lavale, Tal: Mulshi, Dist. Pune 412115",Pune,Maharashtra,412115,https://siu.edu.in,https://www.set-test.org,"SET deadline: 15 Apr 2026; Institute deadline: 10 Jun 2026 (Multiple Rounds)",Yes,"SET (UG/BBA), SNAP (MBA), SLAT (Law), SITEEE (Engineering)",Optional,1500,"₹2,50,000 – ₹4,50,000 (UG); ₹3,00,000 – ₹6,00,000 (PG)","Management, Law, Engineering, Liberal Arts, Health Sciences, Design, Media","NAAC A++; NIRF #35 (University); AACSB (management)","admissions@siu.edu.in; 020-28116226","45+ institutes; 40,000+ students on campus; multicultural campus"
"Vellore Institute of Technology (VIT)",Tier 1,"VIT University, Vellore 632014",Vellore,Tamil Nadu,632014,https://www.vit.ac.in,https://viteee.vit.ac.in,"End of Mar 2026 (tentative); Exam: 28 Apr – 3 May 2026",Yes,VITEEE (VIT Engineering Entrance Exam),No,1350,"₹1,70,000 – ₹4,50,000 (category-based; BTech 4-year total ₹6.8L–18.2L)","Engineering, Sciences, Management, Architecture, Agriculture","NAAC A++; IoE; NIRF #16 (Engineering); Times World #600-800","admissions@vit.ac.in; 0416-2202020","50,000+ students; 4 campuses (Vellore, Chennai, AP, Bhopal); top-500 rankers get 100% scholarship"
"BITS Pilani",Tier 1,"Vidya Vihar, Pilani 333031",Pilani,Rajasthan,333031,https://www.bits-pilani.ac.in,https://admissions.bits-pilani.ac.in,"Session 1: 16 Mar 2026; Session 2: 2 May 2026",Yes,BITSAT (BITS Admission Test),No,"3600 (male, 1 session); 3100 (female, 1 session); 5600 (male, both sessions)","₹5,40,000 – ₹6,00,000/year (BTech; total 4-year cost ~₹32-36L incl. hostel)","Engineering, Sciences, Pharmacy, Management (Dual Degree)","NAAC A; NIRF #20 (Engineering), #22 (Overall); QS 801-850 World","admissions@bits-pilani.ac.in; 01596-242202","100% merit-based admission (no reservation); 3 Indian campuses (Pilani, Goa, Hyderabad); gold standard private engineering brand"
"Ashoka University",Tier 1,"Plot No. 2, Rajiv Gandhi Education City, Sonipat 131029",Sonipat,Haryana,131029,https://www.ashoka.edu.in,https://application.ashoka.edu.in,"Round 3 Deadline: 22 Apr 2026; Final deadline May 2026 (Multiple Rounds)",Yes,AAT (Ashoka Aptitude Test),Optional,0 (UG is FREE; PhD: ₹1000),"₹8,00,000 – ₹9,30,000/year (tuition; BSc total ~₹27.8L for 4 years)","Liberal Arts, Sciences","NAAC A+; NIRF #101-150 (University)","admissions@ashoka.edu.in; 0130-2330000","India's top liberal arts university; 500 merit scholarships announced for 2026; 100% tuition waivers for JEE/Olympiad toppers"
"O.P. Jindal Global University (JGU)",Tier 1,"Sonipat Narela Road, Near Jagdishpur Village, Sonipat 131001",Sonipat,Haryana,131001,https://jgu.edu.in,https://jgu.edu.in/admissions,"Multiple rounds; approx. Apr 2026 (Rolling)",Yes,JSAT (Jindal Scholastic Aptitude Test),Optional,"2500 (most UG/PG); 1000 (LLB/LLM/MBA/MA)","₹4,00,000 – ₹7,00,000/year (varies by school; Law: ~₹5L/yr; BBA: ~₹5L/yr)","Law, Liberal Arts, Management, International Affairs, Public Policy, Business","NAAC A++; QS Stars 5-Star; NIRF top law school; ranked among top private universities","admissions@jgu.edu.in; 0130-4091800","India's top-ranked private law university; 12 schools; 100% residential; no management quota; strong global faculty"
"Kalinga University",Tier 2,"Kotni, Near Mantralaya, Naya Raipur 492101",Raipur,Chhattisgarh,492101,https://kalingauniversity.ac.in,https://kalingauniversity.ac.in/admissions,"Rolling; applications typically close Jun-Jul 2026",Yes,"KALSEE (general); KALMAT (management)",Optional,1000,"₹60,000 – ₹1,55,000/year (BTech: ₹4.21L–6.21L total; MBA: ₹1.2L–2.3L/year)","Engineering, Pharmacy, Law, Management, Sciences, Design, Yoga","NAAC B+; UGC; AICTE; BCI; PCI; NIRF 101-150 (University), 151-200 (Overall)","info@kalingauniversity.ac.in; 0771-4078993","Located in Naya Raipur smart city; 33+ countries represented; 400+ placement partners"
"SAGE University Indore",Tier 2,"Kailod Kartal, A.B. Road, Near Bicholi Hapsi, Indore 453551",Indore,Madhya Pradesh,453551,https://sageuniversity.in,https://sageuniversity.in/admission,"Rolling; SEE Phase 5: 9-10 May 2026 (Multiple Rounds)",Yes,SEE (SAGE Entrance Exam),Optional,1600,"₹66,000 – ₹1,35,000/year (BTech: ₹2.64L–10.24L total; MBA: ₹1.84L–6.24L total)","Engineering, Management, Law, Design, Architecture, Pharmacy, Sciences","NAAC A+; AICTE; UGC; BCI; COA; QS I-Gauge Diamond","admissions@sageuniversity.in; 0731-2770222","Youngest university in India to receive NAAC A+; 26-acre campus; 20,000+ students; 2 campuses (Indore, Bhopal)"
"Marwadi University",Tier 2,"Rajkot-Morbi Road, Gauridad, Rajkot 360003",Rajkot,Gujarat,360003,https://www.marwadiuniversity.ac.in,https://admission.marwadiuniversity.ac.in,"ACPC counselling Jun-Aug 2026; Management seats: Rolling",No,N/A (accepts GUJCET/JEE Main/CMAT),Yes (GUJCET/CUET accepted),N/A (no explicit application fee; ACPC-based),"₹1,26,000 – ₹1,51,000/year (BTech by specialisation; CSE total: ₹5.71L)","Engineering, Management, Law, Pharmacy, Sciences, Nursing, Arts","NAAC A+; UGC; AICTE; PCI; BCI; NBA Tier-1; NIRF 101-150 (University); QS Asia 353","admissions@marwadiuniversity.ac.in; 0281-6006000","Only private university in Gujarat with NAAC A+; 60-acre campus; 1700+ international students from 54 countries; Centre of Excellence by Gujarat Govt"
"Anurag University",Tier 2,"Venkatapur, Ghatkesar, Medchal-Malkajgiri District, Hyderabad 500088",Hyderabad,Telangana,500088,https://www.anurag.edu.in,https://www.anurag.edu.in/admissions,"Rolling; TS EAMCET-based counselling Jun-Jul 2026",Yes,Anurag University Entrance Test (AUEET),No,N/A,"₹85,000 – ₹1,20,000/year","Engineering, Pharmacy, Management","NAAC A; UGC; AICTE; PCI","admissions@anurag.edu.in; 040-65886000","Upgraded to university status recently; strong regional brand in Telangana engineering education"
"Birla Global University (BGU)",Tier 2,"IDCO Plot No. 2, Institutional Area, Gothapatna, Bhubaneswar 751029",Bhubaneswar,Odisha,751029,https://www.bgu.ac.in,https://www.bgu.ac.in/admission,"Rolling; Last date: 28 May 2026",Yes,BET/BGUET (Birla Global University Entrance Test),No,N/A,"₹1,50,000 – ₹4,00,000/year (MBA: ₹11L total; BTech: ₹6-8L total)","Management, Engineering, Sciences, Law, Commerce","NAAC B; AACSB (management); UGC; BCI","info@bgu.ac.in; 0674-7103001","Strong management school; AACSB accreditation for business; campus in Bhubaneswar's institutional area"
"Sri Sri University",Tier 2,"Sri Sri Vihar, Ward No. 3, Godi Sahi, Cuttack 754006",Cuttack,Odisha,754006,https://www.srisriuniversity.edu.in,https://www.srisriuniversity.edu.in/admission,"Rolling; Last date: 30 Aug 2026",Yes,SSU CET (Sri Sri University Common Entrance Test),No,500,"₹1,40,000 – ₹1,80,000/year (BTech: ₹5.4L–7.84L total; MBA: ₹4.72L–7.67L total)","Engineering, Agriculture, Management, Architecture, Yoga, Naturopathy (BNYS), Health Sciences","NAAC A; NABH; UGC; AICTE; ICAR; NBA; NCISM","admissions@srisriuniversity.edu.in; 06722-235534","Founded by Gurudev Sri Sri Ravi Shankar; 188-acre campus on Mahanadi river banks; IIRF Rank 35; UI GreenMetric #233 Global"
"Chitkara University",Tier 2,"Chandigarh-Patiala National Highway, Rajpura 140401",Rajpura,Punjab,140401,https://www.chitkara.edu.in,https://www.chitkara.edu.in/admissions,"Deadline: 27 Mar 2026 (main session)",No,N/A (accepts JEE Main for Engineering; CAT/MAT for MBA),Yes (accepted for some programmes),1100,"₹1,24,000/year (BTech); ₹1,41,000/year (MBA); varies by programme","Engineering, Management, Pharmacy, Design, Law, Health Sciences, Hospitality","NAAC A+; UGC; AICTE; COA; PCI; NCTE; INC; BCI; AACSB; NIRF #74 (University), #78 (Engineering)","admissions@chitkara.edu.in; 01762-507000","30,000+ students from 28 countries; 70-acre campus; strong placements; IET UK membership"
"UPES",Tier 2,"Energy Acres, P.O. Bidholi Via Prem Nagar, Dehradun 248007",Dehradun,Uttarakhand,248007,https://www.upes.ac.in,https://admission.upes.ac.in,"Rolling; deadline 30 Apr 2026; Round 5 closes 28 May 2026",Yes,"UPESEAT (Engineering), UPESMET (Management), UPESDAT (Design/Law)",Optional (accepted),1750,"₹3,00,000 – ₹5,00,000/year (BTech); ₹4,00,000 – ₹8,00,000/year (MBA)","Engineering (Energy/Aerospace), Design, Law, Management, Health Sciences, Hotel Management","NAAC A; UGC; BCI; AIU; NIRF #43 (Engineering), #36 (MBA); NBA","admissions@upes.ac.in; 1800-102-8737","Unique domain: energy, petroleum, aerospace; 15,000+ students; BTech highest package ₹52 LPA; global MBA programmes"
"Jaipur National University",Tier 2,"Jagatpura, Jaipur 302017",Jaipur,Rajasthan,302017,https://www.jnujaipur.ac.in,https://www.jnujaipur.ac.in/admission,"Rolling; Registration fee ₹1050 (application linked)",Yes,JNU JEST (Jaipur National University Entrance cum Scholarship Test),No,1050,"₹85,000 – ₹1,39,000/year (BTech total ₹4.36L–4.99L; MBA: ₹1.2L–2L/year)","Engineering, Law, Management, Pharmacy, Sciences, Nursing, Medical, Architecture","NAAC A+; UGC; AICTE; PCI; NCTE; INC; BCI; ICAR","admissions@jnujaipur.ac.in; 141-3919300","First private university in Rajasthan to receive NAAC accreditation; 3 campuses in Jaipur; own hospital; QS Asia #454"
"Woxsen University",Tier 2,"Kamkole, Sadasivpet, Sangareddy District, Hyderabad 502345",Hyderabad (Sangareddy),Telangana,502345,https://woxsen.edu.in,https://woxsen.edu.in/admissions,"Multiple rounds; Scholars Round deadline: ~Feb 2026; Rolling thereafter",Yes,"W-JEET (Engineering), WAT (Management/BBA)",Optional (CUET accepted),1800,"₹2,50,000 – ₹5,00,000/year (BBA: ~₹4L/yr; BTech: ~₹2.87L/yr; MBA: ~₹6.37L/yr)","Management, Engineering, Design, Architecture, Law","AACSB (International); AMDISA; BCI; COA; NBA; UGC (approved); Bloomberg Best B-School Asia #6","admissions@woxsen.edu.in; 040-30369999","200-acre campus; 100% residential; Bloomberg Top 50 B-Schools Asia 2024; QS Top 150 Young Universities 2025; up to 50% merit scholarships"
"Medi-Caps University",Tier 2,"A.B. Road, Pigdamber, Rau, Indore 453331",Indore,Madhya Pradesh,453331,https://www.medicaps.ac.in,https://admissions.medicaps.ac.in,"Rolling; MU-SAT conducted throughout the year",Yes,"MU-SAT (general entrance + scholarship); MLAT (Law)",No,1600,"₹1,40,000 – ₹3,15,000/year (BTech total: ₹5.6L–12.6L; MBA: ₹1.3L–2.8L/year)","Engineering, Management, Law, Pharmacy, Agriculture, Sciences","NAAC A; UGC; AICTE; BCI; PCI; NIRF #59 (2024 Overall); Times #83 (Pharmacy)","info@medicaps.ac.in; 0731-4259400","33-acre campus; 94.2% placement rate 2025; highest package ₹52 LPA; strong in CSE with AI/ML, Cybersecurity tracks"
"Parul University",Tier 2,"P.O. Limda, Ta. Waghodia, Vadodara 391760",Vadodara,Gujarat,391760,https://www.paruluniversity.ac.in,https://admissions.paruluniversity.ac.in,"Rolling; ACPC govt seats: Jun-Aug 2026; Self-finance: 30 Apr 2026",No (merit/GUJCET/JEE for engineering; NEET for medical),N/A,Yes (CUET accepted for some),1400,"₹1,50,000 – ₹2,50,000/year (BTech: ₹1.68L–2.65L/yr; MBA: varies)","Engineering, Pharmacy, Management, Law, Nursing, Medical (MBBS), Design, Health Sciences","NAAC A++; UGC; AICTE; BCI; INC; PCI; NMC; NABH; NIRF #41 (Pharmacy), #47 (Innovation)","1800-123-1104; admissions@paruluniversity.ac.in","India's youngest NAAC A++ university (first cycle); 65,000+ students; 117-acre campus; 2,200 Recruiters; highest package ₹45.98 LPA"
"The Neotia University",Tier 2,"Sarisa, D.H. Road, 24 Pgs (South), Kolkata 743368",Kolkata (Sarisa),West Bengal,743368,https://www.neotiauniversity.ac.in,https://www.neotiauniversity.ac.in/admission,"Rolling; applications accepted year-round",Yes,TNU NEO Admission Test,No,N/A (no explicit fee published),"₹80,000 – ₹2,00,000/year (varies by programme)","Engineering, Agriculture, Maritime Studies, Management, Law, Pharmacy, Nursing, Hospitality","UGC; SIRO; ICAR; PCI; BCI; DGS (Shipping); ISO 9001:2015; QS Asia 1401-1500","admissions@neotiauniversity.ac.in; 033-66800800","Founded by Ambuja Neotia Group; 60-acre campus on Diamond Harbour Road; unique maritime + agriculture + nursing programs for East India"
"Swarrnim Startup & Innovation University",Tier 2,"Visat-Kherva Road, Near Gandhinagar, Gandhinagar 382422",Gandhinagar,Gujarat,382422,https://www.ssiu.edu.in,https://www.ssiu.edu.in/admissions,"Rolling; ACPC counselling Jun-Aug 2026",No,N/A (JEE Main/GUJCET/CUET accepted),Yes (GUJCET/CUET accepted),N/A,"₹1,00,000 – ₹5,00,000 (BTech: ₹1L–5L range; MBA: ₹2L–10.5L)","Engineering, Management, Sciences, Computer Applications, Innovation","UGC; AICTE; Gujarat Private Universities Act","info@ssiu.edu.in","Innovation-focused mandate; startup ecosystem emphasis; Gujarat's only dedicated startup university"
"MATS University",Tier 2,"Aarang-Kharora Highway, Arang, Raipur 493441",Raipur (Arang),Chhattisgarh,493441,https://www.matsuniversity.ac.in,https://www.matsuniversity.ac.in/admission,"Rolling; academic session starts August 2026",No,N/A (JEE Main/CAT/MAT for relevant programmes),Optional,600,"₹60,000 – ₹1,20,000/year (varies by programme)","Engineering, Management, Law, Pharmacy, Sciences, Arts","NAAC A+ (2025); UGC; AICTE; BCI; PCI; NCTE; AIU","info@matsuniversity.ac.in; 077140 78995","Established 2006; recently upgraded to NAAC A+; strong CG regional brand; UGC-DEB approved distance education"
"ICFAI University, Dehradun",Tier 2,"Rajawala Road, Central Hope Town, Selaqui, Dehradun 248011",Dehradun,Uttarakhand,248011,https://www.iudehradun.edu.in,https://www.iudehradun.edu.in/admissions,"Rolling; Applications open till 15 Jul 2026",Yes,"ATIT (Engineering); ILSAT (Law)",No,500,"₹1,10,000/year (BBA); BTech total: ₹5.9L; overall range: ₹4.5L–10.5L (total programme)","Engineering, Law, Management, Education, Pharmacy","NAAC (accredited); UGC; AICTE; BCI; NCTE; ACU; AIU; IIRF Rank #1 Private University in Uttarakhand","admissions@iudehradun.edu.in; 0135-2789100","25-acre Selaqui campus; #1 in Uttarakhand (private) by IIRF; Selaqui industrial zone proximity; low application fee (₹500)"
"DIT University",Tier 2,"Mussoorie Diversion Road, Makkawala, Dehradun 248009",Dehradun,Uttarakhand,248009,https://www.ditu.ac.in,https://www.ditu.ac.in/admissions,"Rolling; JEE-based for Engineering (ongoing)",No,N/A (JEE Main/NATA/GATE/CAT/GPAT/DUET accepted),No,N/A (contact admissions for fee),"₹1,06,600 – ₹3,07,500/year (Engineering: ~₹1.4L/yr; MBA: ₹3.07L/yr; Pharmacy: ~₹2.5L/yr)","Engineering, Pharmacy, Design, Architecture, Management, Sciences, Health Sciences","NAAC A; UGC; AICTE; PCI; COA; AIU; IAU; QS I-Gauge Diamond; NIRF #83 (Pharmacy), #201-300 (Engineering)","1800-121-041-000; admissions@ditu.ac.in","Established 1998; university status 2013; 2nd in India to receive QS I-Gauge Diamond; 400+ recruiters; highest package ₹58 LPA"
"ITM University, Raipur",Tier 2,"Uparwara, Teh. Abhanpur, Naya Raipur, Dist. Raipur 493225",Raipur,Chhattisgarh,493225,https://www.itmuniversity.ac.in,https://www.itmuniversity.ac.in/admission,"Rolling; CG PET-based for Engg: May 14, 2026; MBA: CAT/MAT/XAT registration ongoing",No,N/A (CG PET/JEE for Engineering; CAT/MAT/XAT/CMAT/GMAT for MBA),No,N/A,"₹60,000 – ₹1,50,000/year (varies by programme)","Engineering, Management, Sciences, Law","NAAC B+; UGC; AICTE; ARIIA Rank #13 India (Promising); #1 in CG by UniRank (3 consecutive years)","admissions@itmuniversity.ac.in; 0771-4979400","25-acre Naya Raipur campus; 48 faculty; Fortune India Best B-Schools 2025; 100% placement (eligible students) 2023; iConnect MBA flagship"
"YBN University",Tier 3,"Namkum, Ranchi 834010",Ranchi,Jharkhand,834010,https://www.ybnu.ac.in,https://www.ybnu.ac.in/admission,"Rolling; applications accepted year-round",No,N/A (merit-based),No,1000 (registration fee),"₹60,000 – ₹4,80,000 (full programme; varies widely by course)","Engineering, Nursing, Pharmacy, Agriculture, Management, Sciences, Journalism","NAAC B+; UGC; NCTE; PCI; INC; BCI; AIU","info@ybnu.ac.in; 0651-2261000","Established 2017 in Jharkhand (lowest GER state in India ~13%); 100-acre campus; Jharkhand's tribal population served; 100% scholarships for top scorers"
"KK Modi University",Tier 3,"Mahmara, Jalbandha Road, Durg 491001",Durg,Chhattisgarh,491001,https://www.kkmuniversity.ac.in,https://www.kkmuniversity.ac.in/admission,"Rolling; applications accepted year-round",Yes,KKMU Admission Test,Yes (CUET accepted),N/A (apply online; 3-step process),"₹1,00,000 – ₹1,70,000/year (BTech total: ₹5.86L; avg: ₹1.26L/year)","Engineering, Management, Sciences, Design, Hospitality & Tourism","UGC; Chhattisgarh Private Universities Regulatory Commission; international collaborations (UC Davis, VCU, Luzern, Paris School of Art)","info@kkmuniversity.ac.in; 0788-2210000","Founded 2018 by Modi Enterprises ($2.8B conglomerate); 25-acre campus; unique e/Hybrid degree model; Harvard-affiliated certificate courses; KKMU is only univ in CG offering B.Com (Hons)"
"Madhyanchal Professional University",Tier 3,"Bhadbhada Road, Ratibad, Bhopal 462044",Bhopal (Ratibad),Madhya Pradesh,462044,https://www.mpubhopal.ac.in,https://www.mpubhopal.ac.in/admissions,"Rolling; applications accepted year-round",No,N/A (merit + national exams),No,N/A,"₹28,050 – ₹2,82,200/year (varies widely by programme)","Engineering, Management, Pharmacy, Nursing, Sciences, Education","UGC; AICTE; PCI; INC; NCTE; AIU; Not NAAC accredited (as of 2025)","info@mpubhopal.ac.in; 0755-4278000","Established 2018 under Patel Group of Institutions (PGOI); 13-acre campus; 8 academic schools; highest package ₹24 LPA; affordable fee structure for Central India"
"Gokul Global University",Tier 3,"Gokul Global University, Siddhpur 384151, Patan District",Siddhpur,Gujarat,384151,https://www.gokuluniversity.ac.in,https://www.gokuluniversity.ac.in/admission,"Rolling; applications accepted year-round",No,N/A (merit-based),No,N/A,"₹50,000 – ₹1,00,000/year (approx.)","Sciences, Management, Law, Journalism, Physiotherapy, Social Work, Library Science","UGC; NAAC (accredited; grade not publicly confirmed); Gujarat Private Universities Act","info@gokuluniversity.ac.in","Founded by Gokul Foundation Trust (est. 2009); rural-focused; Siddhpur non-metro Gujarat; serves agrarian community of North Gujarat; AYUSH programmes"
"Mind Power University",Tier 3,"Bohra Kunn, Bhimtal, Nainital 263136",Bhimtal (Nainital),Uttarakhand,263136,https://mindpoweruniversity.ac.in,https://mindpoweruniversity.ac.in/admission,"Rolling; Admissions Open 2026-27",No,N/A (merit-based),No,N/A,"₹50,000 – ₹1,50,000/year (approx.; varies by programme)","Management, Engineering, Commerce, Sciences, Humanities, Hotel Management, Yoga","UGC; AIU","info@mindpoweruniversity.in; +91-5942-221000","Located at 1400m altitude in Bhimtal hills; serene eco campus; 50+ programmes; focus on mindfulness + academics; serves remote Kumaon hill communities"
"Guru Nanak University",Tier 3,"NH-44, Ibrahimpatnam, Near Hyderabad ORR, Hyderabad, Telangana","Hyderabad (Ibrahimpatnam)",Telangana,501506,https://gnuindia.org,https://gnuindia.org/admissions,"Rolling; GNUCET 2026 registration open",Yes,GNUCET 2026 (Guru Nanak University Common Entrance Test),No,N/A,"₹60,000 – ₹1,50,000/year (BCA: ₹60-70K/yr; MBA: ₹90-1L/yr; total BCA: ₹1.8-2.1L)","Engineering, Management, Sciences, Agriculture, Health Sciences, Horticulture","UGC (approved 2024); Telangana Private Universities Act 11 of 2024; No NAAC yet (too new)","info@gnuindia.org","Brand new university (est. 2024) – one of India's newest; 100-acre campus near ORR Hyderabad; scholarships up to ₹25 Crores; strong infrastructure from day one; rapidly building applicant pipeline"
